Id,Name (in Greek),Name (in English),Ingredients for child (in Greek),Ingredients for child (in English),Ingredients for adult (in Greek),Ingredients for adult (in English),Recipe (in Greek),Recipe (in English),Tip (in Greek),Tip (in English),Kcal,Protein,Fat,Carbohydrates,Dish type,For Autumn,For Winter,For Spring,For Summer,White meat,Red meat,Pork,Fish or seafood,Pulses,Dairy,Eggs,Pasta,Rice,Tubers,Soups,Cereals,Fruit,Nuts,Raw vegetables,Cooked vegetables,,,,,,,,,,,,,,
10,Μουσακάς,Greek Moussaka,,,"Πατάτες,3,τμχ;
Ελαιόλαδο,8,κσ;
Κρεμμύδι,2,τμχ
Κολοκυθάκια,2,τμχ;
Μελιτζάνες,2,τμχ;
Σκόρδο,1,τμχ;
Ζάχαρη,3,πρέζα;
Κιμάς Μοσχαρίσιος,500,γρ","Potatoes,3,pcs;
Olive Oil,8,ts;
Onions,2,pc
Zucchinis,2,pc;
Eggplants,2,pc;
Garlic,1,pc;
Sugar,3,pinches;
Ground Beef,500,g","Προθερμαίνουμε τον φούρνο στους 200°C στον αέρα.
Βάζουμε ένα τηγάνι σε δυνατή φωτιά.
Κόβουμε τις πατάτες σε ροδέλες 1 εκ. και τις ψήνουμε στο τηγάνι μαζί με 2-3 κ.σ. ελαιόλαδο, μέχρι να πάρουν καλό χρώμα και από τις δύο πλευρές (και να σπάσουν δεν πειράζει).
Σε ένα ταψί 25x30 εκ. με ελάχιστο ελαιόλαδο στρώνουμε τις πατάτες (1η στρώση), ρίχνουμε θυμάρι και αλατοπιπερώνουμε.
Κόβουμε το κρεμμύδι σε λεπτές φέτες και το ρίχνουμε στο ίδιο τηγάνι μαζί με λίγο ελαιόλαδο. Σοτάρουμε το κρεμμύδι μέχρι να καραμελώσει και το βάζουμε στο ταψί πάνω από τις πατάτες.
Κόβουμε τα κολοκύθακια σε ροδέλες και τα ρίχνουμε στο ίδιο τηγάνι μαζί με λίγο ελαιόλαδο. Περιμένουμε μέχρι να πάρουν λίγο χρώμα και τα στρώνουμε πάνω στις πατάτες (2η στρώση), ρίχνουμε θυμάρι και αλατοπιπερώνουμε.
Κόβουμε τις μελιτζάνες σε ροδέλες και τις ρίχνουμε στο ίδιο τηγάνι μαζί με λίγο ελαιόλαδο. Περιμένουμε μέχρι να πάρουν λίγο χρώμα και τις στρώνουμε πάνω από τα κολοκύθια (3η στρώση), ρίχνουμε θυμάρι και αλατοπιπερώνουμε.
Χοντροκόβουμε το κρεμμύδι και το ρίχνουμε στο ίδιο τηγάνι που χρησιμοποιήσαμε για τα λαχανικά μαζί με λίγο ελαιόλαδο σε δυνατή φωτιά.
Ψιλοκόβουμε το σκόρδο και το ρίχνουμε μέσα στο τηγάνι.
Προσθέτουμε τη ζάχαρη, το μοσχοκάρυδο, την κανέλα, τον πελτέ και ανακατεύουμε με μία ξύλινη κουτάλα. Σε αυτό το σημείο ξύνουμε με την κουτάλα τον πάτο του τηγανιού για να ανακατευτεί καλά ο πελτές, να πάρει χρώμα και να φύγει η πικρή του γεύση.
Προσθέτουμε τον κιμά στο τηγάνι και ανακατεύουμε πολύ καλά μέχρι να καραμελώσει και να πάρει ωραίο χρώμα.
Σβήνουμε με την τομάτα κονκασέ, ανακατεύουμε καλά και αφήνουμε να δέσει σε χαμηλή φωτιά για 10-15 λεπτά. Ανακατεύουμε ανά τακτά χρονικά διαστήματα.
Λίγο πριν αφαιρέσουμε από τη φωτιά, αλατοπιπερώνουμε.
Βάζουμε ένα κατσαρολάκι σε χαμηλή φωτιά.
Προσθέτουμε το βούτυρο. Μόλις λιώσει ρίχνουμε το αλεύρι και ανακατεύουμε με το σύρμα.
Προσθέτουμε το γάλα, σταδιακά σε δόσεις. Είναι πολύ σημαντικό να ρίχνουμε το γάλα σε μικρές δόσεις. Μόλις απορροφηθεί η πρώτη (να μην έχει γρομπαλάκια), τότε ρίχνουμε την επόμενη δόση. Ανακατεύουμε συνεχώς έτσι ώστε να μη μας σβολιάσει το μείγμα. Κάνουμε αυτή τη διαδικασία μέχρι να απορροφηθεί τελείως το γάλα.
Μόλις η μπεσαμέλ αρχίσει να βγάζει φουσκάλες, είναι έτοιμη. Θα πρέπει να είναι κρεμώδης και λεία.
Αφαιρούμε από τη φωτιά και προσθέτουμε μέσα τριμμένο πιπέρι, τριμμένο μοσχοκάρυδο, λίγη παρμεζάνα, τους κρόκους από τα αυγά και ανακατεύουμε καλά.
","Place a deep pan over high heat. Add the sunflower oil and let it get hot.
Peel the potatoes and slice them into thin rounds.
Slice the eggplants and zucchini into thin rounds and fry in a separate pan for 5-10 minutes.
Remove with a slotted spoon and transfer to a baking pan lined with paper towels. Allow to drain from excess oil.
Place a pot over high heat and add the olive oil.
Coarsely chop the onion and add to pan.
Finely chop the garlic and add to pan along with thyme, cloves, cinnamon and sugar. Sauté for 2-3 minutes until they caramelize nicely.
Add the ground meat and break it up with a wooden spoon. Sauté until golden brown.
Add the tomato paste and sauté so that it loses its bitterness.
Add the chopped tomatoes, lower heat and simmer for 5-10 minutes until the sauce thickens.
Remove from heat and add the parsley and coarsely chopped basil. Season with salt and pepper.
Place a pot over medium heat.
Add the butter and let it melt.
Add the flour and whisk until it soaks up all of the butter.
Add the milk in small batches while continuously whisking so that no lumps form.
As soon as the béchamel sauce thickens and bubbles start to form on the surface, remove from heat.
Add the nutmeg, salt, pepper, 100 g parmesan and 3 egg yolks. Whisk thoroughly.
Preheat oven to 180* C (350* F) Fan.
In a 25x32 cm baking pan, spread a layer of potatoes, cover with a layer of eggplants and top with a layer of zucchini. Season in between layers.
Add 2-3 tablespoons of béchamel sauce to the ground meat mixture and mix. Spread the ground meat over the vegetables.
Cover with the béchamel sauce, spreading it evenly and sprinkle with 50 g of grated parmesan.
Bake for 35-40 minutes.
When ready, remove from oven and allow to cool.
Serve with fresh herbs and olive oil.
",,,465,20,30,25,first,TRUE,FALSE,FALSE,TRUE,FALSE,TRUE,FALSE,FALSE,FALSE,TRUE,TRUE,FALSE,FALSE,TRUE,FALSE,FALSE,FALSE,FALSE,FALSE,TRUE,,,,,,,,,,,,,,
11,Χωριάτικη Σαλάτα,Greek salad,,,"Ντομάτες,2,τμχ;
Μέλι,1,κσ;
Αγγούρι,1,τμχ;
Πιπεριά,1/2,τμχ;
Κρεμμύδι,1/2,τμχ;
Ελιές,50,γρ;
Φέτα,150,γρ;
Ελαιόλαδο,4,κσ;","Tomatos,2,pc;
Honey,1,ts;
 Cucumber,1,pc; 
Pepper,1/2,pc; 
Onion,1/2,pc; 
Olives,50,g;
Feta cheese,150,g;
Olive oil,4,ts;","Κόβουμε τις ντομάτες στην μέση και αφαιρούμε το κοτσάνι. Τις κόβουμε σε μικρά κομμάτια και τα βάζουμε σε ένα μπολ. Βάζουμε αλάτι και αφήνουμε στην άκρη.
Στο άλλο μπολ βάζουμε το μέλι, 2 κ.σ. ξίδι και ανακατεύουμε να λιώσει το μέλι. Μεταφέρουμε στο μπολ με τη ντομάτα και ανακατεύουμε. Αφήνουμε στην άκρη.
Ξεφλουδίζουμε και κόβουμε το αγγούρι σε μισοφέγγαρα. Το βάζουμε στο μπολ με τη ντομάτα και αφήνουμε στην άκρη. Το αγγούρι μπορούμε να το αφήσουμε και με τη φλούδα.
Κόβουμε την πιπεριά σε μικρές λωρίδες και τις βάζουμε στο μπολ με τα υπόλοιπα υλικά.
Κόβουμε σε πολύ λεπτές φέτες το κρεμμύδι και το βάζουμε σε ένα μπολ. Προσθέτουμε 1 κ.σ. ξίδι και ανακατεύουμε. Μεταφέρουμε στο μπολ με τα υπόλοιπα υλικά.
Προσθέτουμε την κάππαρη, τις ελιές, τη φέτα, πιπέρι, τη ρίγανη, το ελαιόλαδο και σερβίρουμε με το ψωμί.
","In a bowl, add 4-5 tablespoons of extra virgin olive oil, the vinegar, honey, salt, pepper and 1 tablespoon oregano. Gently stir with a spoon just to combine, you don’t want to emulsify the dressing.
Chop the cherry tomatoes in half and add to the bowl.
Thinly slice the cucumber into half-moon shapes and thinly slice the onion. Add to the bowl.
Cut the green pepper into thin strips and add to the bowl.
Add the olives, capers, feta and 1 tablespoon oregano.
To finish, drizzle with 2-3 tablespoons extra virgin olive oil, top with rusks and serve.
",,,184,4.8,15,6.6,second,TRUE,FALSE,TRUE,TRUE,FALSE,FALSE,FALSE,FALSE,FALSE,TRUE,FALSE,FALSE,FALSE,FALSE,FALSE,FALSE,FALSE,FALSE,TRUE,FALSE,,,,,,,,,,,,,,
12,Τσιπούρα στον φούρνο,Baked sea bream,,,"Τσιπούρες,800.γρ;
Ελαιόλαδο,3,κς;
Δεντρολίβανο,2,κλ;
Φέτες λεμόνι,1,λεμόνι;
Νερό,500,γρ;
Χυμό λεμονιού,1, λεμόνι;
Μουστάρδα,30,γρ;
Ελαιόλαδο,80,γρ;","Seabreams, 800g;
Olive oil, 3 tbsp;
Rosemary, 2 sprigs;
Lemon slices, 1 lemon;
Water, 500ml;
Lemon juice, 1 lemon;
Mustard, 30g;
Olive oil, 80ml.","Προθερμαίνουμε τον φούρνο στους 200°C στον αέρα.
Παίρνουμε ένα ταψί με σχάρα και αλείφουμε τη σχάρα με 1 κ.σ. ελαιόλαδο, για να μην κολλήσουν οι τσιπούρες.
Ρίχνουμε στο ταψί το νερό και το αφήνουμε στην άκρη. Αυτό το νερό θα το χρησιμοποιήσουμε για το λαδολέμονο.
Ανοίγουμε τις τσιπούρες στη μέση και βάζουμε μέσα σε αυτές το αλάτι, το πιπέρι, 1 κ.σ. ελαιόλαδο, το δεντρολίβανο και τις φέτες λεμονιού, και κλείνουμε τις τσιπούρες.
Πασπαλίζουμε με το αλάτι και 1 κ.σ. ελαιόλαδο το εξωτερικό από τις τσιπούρες, και τις ακουμπάμε στη σχάρα πάνω από το ταψί.
Μεταφέρουμε το ταψί στον φούρνο και ψήνουμε για 20 λεπτά.
Αφαιρούμε το ταψί από τον φούρνο.
Μεταφέρουμε το ζουμί από το ταψί στον πολυκόφτη, προσθέτουμε τον χυμό από το λεμόνι, τη μουστάρδα, το αλάτι, το πιπέρι και το ελαιόλαδο, και χτυπάμε καλά.
Αφαιρούμε τα λεμόνια και το δεντρολίβανο από τις τσιπούρες.
Σερβίρουμε με το λαδολέμονο, τα χόρτα, τα κολοκυθάκια και τις φέτες λεμονιού.
","Preheat the oven to 200°C (390° F) set to fan.
Take a baking pan with a rack and grease the rack with 1 tablespoon of olive oil, so that the sea breams do not stick to it.
Add the water to the pan and set it aside. You will use this water for the olive oil-lemon dressing.
Open the sea breams in half and add some salt and pepper inside, along with 1 tablespoon of olive oil, the rosemary, and the lemon slices, and then close them well.
Spread some salt and 1 tablespoon of olive oil on the skin of the sea breams and transfer them to the rack that is on the baking pan.
Transfer the pan to the oven and bake the sea breams for 20 minutes.
Remove the pan from the oven.
Transfer the juices from the pan to a chopper blender, add the lemon juice, mustard, salt, pepper, and olive oil, and beat them well.
Remove the lemon slices and the rosemary from the sea breams and serve them with the olive oil-lemon dressing, boiled greens and zucchini, and some lemon slices.",,,313,37,18,0,first,TRUE,TRUE,TRUE,TRUE,FALSE,FALSE,FALSE,TRUE,FALSE,FALSE,FALSE,FALSE,FALSE,FALSE,FALSE,FALSE,FALSE,FALSE,FALSE,FALSE,,,,,,,,,,,,,,
13,Μία κούπα Γάλα (3.5% λιπαρά),A cup of Milk (3.5% fats),,,"Γάλα,1,κουπα;","Milk,1,cup;",,,,,152,8.14,8,12,,TRUE,TRUE,TRUE,TRUE,FALSE,FALSE,FALSE,FALSE,FALSE,TRUE,FALSE,FALSE,FALSE,FALSE,FALSE,FALSE,FALSE,FALSE,FALSE,FALSE,,,,,,,,,,,,,,
14,Κέικ βανίλιας ,Vanilla cake,,,"Βούτυρο,250,γρ;
Ζάχαρη,250,γρ;
Αυγά,4,τμχ;
Ξύσμα λεμονιού,10,γρ;
Γιαούρτι στραγγιστό,150,γρ; 
Εκχύλισμα βανίλιας,3,γρ;
Αλεύρι,350,γρ;","Butter, 250, g;
Sugar, 250, g;
Eggs, 4, pcs;
Lemon zest, 10, g;
Strained Yogurt, 150 ,g;
Vanilla extract, 3, g;
Flour, 350, g;","Προθερμαίνουμε τον φούρνο στους 160°C στον αέρα. 
Ρίχνουμε στον κάδο του μίξερ το βούτυρο και τη ζάχαρη, και χτυπάμε με το φτερό ή το σύρμα σε δυνατή ταχύτητα μέχρι να αφρατέψει και να ασπρίσει το μείγμα. Ενδιάμεσα σταματάμε το μίξερ, παίρνουμε με μια σπάτουλα σιλικόνης ό,τι έχει μείνει στα τοιχώματα του κάδου, και ξαναχτυπάμε.
Χαμηλώνουμε την ταχύτητα και προσθέτουμε ένα-ένα τα αυγά. Περιμένουμε να απορροφηθεί το πρώτο πριν ρίξουμε το επόμενο.
Αφαιρούμε τον κάδο από το μίξερ, προσθέτουμε το ξύσμα λεμονιού, το γιαούρτι, το εκχύλισμα βανίλιας και το αλεύρι, και ανακατεύουμε με μια ξύλινη κουτάλα μέχρι να ομογενοποιηθούν τα υλικά.
Βουτυρώνουμε και αλευρώνουμε μία στρογγυλή φόρμα για κέικ με τρύπα στη μέση διαμέτρου 23 εκ.
Μεταφέρουμε το μείγμα στη φόρμα και το απλώνουμε ομοιόμορφα με μια κουτάλα.
Μεταφέρουμε τη φόρμα στον φούρνο και ψήνουμε για 1 ώρα. Μπορούμε να δούμε αν το κέικ έχει ψηθεί, τρυπώντας το με μια οδοντογλυφίδα, και αν αυτή βγει καθαρή το κέικ είναι έτοιμο. 
Αφαιρούμε το κέικ από τον φούρνο και το αφήνουμε να κρυώσει 5-10 λεπτά πριν το ξεφορμάρουμε.
Ξεφορμάρουμε το κέικ και το αφήνουμε πάνω σε μια σχάρα για 30-60 λεπτά μέχρι να κρυώσει εντελώς.
Πασπαλίζουμε με ζάχαρη άχνη, κόβουμε σε κομμάτια και σερβίρουμε. ",,,,423,6.9,20,53,,TRUE,TRUE,TRUE,TRUE,FALSE,FALSE,FALSE,FALSE,FALSE,TRUE,FALSE,FALSE,FALSE,FALSE,FALSE,TRUE,FALSE,FALSE,FALSE,FALSE,,,,,,,,,,,,,,
15,Πανκεικς με βρόμη και μπανάνα,Banana oat pancakes,,,,,,,,,101,3.2,3.9,13,,TRUE,TRUE,TRUE,TRUE,FALSE,FALSE,FALSE,FALSE,FALSE,TRUE,TRUE,FALSE,FALSE,FALSE,FALSE,TRUE,TRUE,FALSE,FALSE,FALSE,,,,,,,,,,,,,,
16,Μακαρονοσαλάτα με λαχανικά,Pasta salad with vegetables,,,"Ζυμαρικά,400,g;
Αρακάς,200,γρ;
Γιαούρτι,350,γρ;
Κέτσαπ,50,γρ;
Ελιές σε ροδέλες,30 γρ; 
λιαστές ντομάτες,30,γρ;
καρότο,1,τμχ;
Χυμό λεμονιού,10,γρ;","Pasta, 400, g;
Green beans, 200, g;
Yogurt, 350, g;
Ketchup, 50, g;
Sliced olives, 30, g;
Sun-dried tomatoes, 30, g;
Carrot, 1, pcs;
Lemon juice, 10, g;","Τοποθετούμε μια κατσαρόλα με αλατισμένο νερό να βράσει. 
Ρίχνουμε τα ζυμαρικά και βράζουμε σύμφωνα με τις οδηγίες της συσκευασίας. Στα τελευταία 5 λεπτά προσθέτουμε τον αρακά. 
Αποσύρουμε την κατσαρόλα από τη φωτιά και σουρώνουμε τα ζυμαρικά με τον αρακά. 
Μεταφέρουμε το σουρωτήρι κάτω από κρύο τρεχούμενο νερό και ρίχνουμε αρκετό πάνω από τα ζυμαρικά και τον αρακά, ώστε να σταματήσουμε τον βρασμό τους για να μην είναι ζεστά όταν θα ρίξουμε τη σάλτσα. 
Στραγγίζουμε καλά το νερό και αφήνουμε στην άκρη. ίχνουμε σε ένα μπολ το γιαούρτι και την κέτσαπ, και ανακατεύουμε με ένα κουτάλι. Προσθέτουμε τις ελιές. Ψιλοκόβουμε σε ένα ξύλο κοπής τις λιαστές ντομάτες και τις προσθέτουμε στο μπολ.
Τρίβουμε το καρότο στη μεγάλη πλευρά του τρίφτη με τις χοντρές λεπίδες, το προσθέτουμε στο μπολ και ανακατεύουμε. Μεταφέρουμε τα ζυμαρικά με τον αρακά στο μπολ με τη σάλτσα.
Προσθέτουμε το αλάτι, το πιπέρι, το ξύσμα και τον χυμό λεμονιού, και ανακατεύουμε καλά με ένα κουτάλι.
Πασπαλίζουμε με φρέσκια ρίγανη και σερβίρουμε. ",,,,297,14,2.7,48,first,TRUE,TRUE,TRUE,TRUE,FALSE,FALSE,FALSE,FALSE,TRUE,TRUE,FALSE,TRUE,FALSE,FALSE,FALSE,FALSE,FALSE,FALSE,TRUE,TRUE,,,,,,,,,,,,,,
17,Μπάρα δημητριακών,Tahini granola bar,,,"Ταχίνι,450,γρ; 
Μέλι,100,γρ;
Κουβερτούρα,200,γρ; 
Ξηροί Καρποί,150,γρ;
Δημητριακά ολικής,150,γρ;
Βρόμη,200,γρ; 
Αποξηραμένα cranberries,80,γρ;","Tahini,450,g;
Honey,100,g;
Chocolate couverture,200,g; 
Nuts,150,g;
Whole-Grain cereals,150,g;
Oats,200,g; 
Dried cranberries,80,g;","Ζεσταίνουμε το μέλι σε ένα μπολ στον φούρνο μικροκυμάτων για 30 δευτερόλεπτα στα 800 watt.
Ανακατεύουμε το ταχίνι με το μέλι σε ένα μεγάλο μπολ. Προσέχουμε να μην το ανακατέψουμε πολύ για να μη σφίξει πολύ το μείγμα.
Λιώνουμε τη σοκολάτα σε ένα μπολ καλυμμένο με διαφανή μεμβράνη στον φούρνο μικροκυμάτων στα 800 watt για 2 λεπτά ή σε μπεν μαρί.
Ανακατεύουμε τη σοκολάτα στο μείγμα ταχινιού-μελιού.
Προσθέτουμε τη βρόμη, τους ξηρούς καρπούς, τα cranberries, και ανακατεύουμε καλά με μια μαρίζ.
Ρίχνουμε τα δημητριακά και ανακατεύουμε με το χέρι.
Τοποθετούμε ένα μεγάλο κομμάτι διαφανής μεμβράνης πάνω σε ένα ταψί 20x30 εκ. 
Απλώνουμε το μείγμα πάνω από τη μεμβράνη, πασπαλίζουμε με λίγα ακόμα δημητριακά και καλύπτουμε με τη μεμβράνη που προεξέχει. 
Μεταφέρουμε το ταψί στο ψυγείο να σφίξει για περίπου 3-4 ώρες.
Αφαιρούμε το ταψί από το ψυγείο και κόβουμε σε περίπου 20 ισομερείς μπάρες.
Σερβίρουμε.
","Heat the honey in the microwave for 30 seconds.
Combine the tahini and honey together in a large bowl. Be careful not to overmix because it will make the mixture too thick.
Put the chocolate in a bowl. Cover with plastic wrap and melt in the microwave for 2 minutes, set at 800 watts. (Or you can melt it in a bain marie.)
Add the melted chocolate to the tahini-honey mixture and mix.
Add the oats, mixed nuts and cranberries. Mix with a spatula. Add the cereal and continue to mix by hand.
Spread a very large piece of plastic wrap over a 20x30 cm baking pan, letting it hang over the edges. Spread the mixture over the wrap and sprinkle some more cereal over the top. Cover with overhanging plastic wrap.
Refrigerate for 3-4 hours, until firm.
To serve, cut into 20 equal sized bars, each 5 cm thick.
",,,352,10,22,26,morning_snack,TRUE,TRUE,TRUE,TRUE,FALSE,FALSE,FALSE,FALSE,FALSE,FALSE,FALSE,FALSE,FALSE,FALSE,FALSE,TRUE,TRUE,TRUE,FALSE,FALSE,,,,,,,,,,,,,,
18,Μήλο ,Apple,,,"Μήλο,1,τμχ;","Apple,1,pc;",,,,,95,1,0,25,,TRUE,TRUE,FALSE,FALSE,FALSE,FALSE,FALSE,FALSE,FALSE,FALSE,FALSE,FALSE,FALSE,FALSE,FALSE,FALSE,TRUE,FALSE,FALSE,FALSE,,,,,,,,,,,,,,
19,Πόριτζ,Porridge,,,"Βρόμη,140,g;
Γάλα,600,γρ;
Εκχύλισμα βανίλιας,1,κγ;
Μέλι,2,κσ;
Κανέλα,1,κγ;
Τζιντζερ,1/3,κγ;","Oats, 140, g;
Milk, 600, g;
Vanilla extract, 1, kg;
Honey, 2, ks?
Cinnamon, 1 kg;
Ginger, 1/3, kg;","Τοποθετούμε μια κατσαρόλα σε χαμηλή φωτιά. Βάζουμε τη βρόμη, το μισό γάλα και ανακατεύουμε συνέχεια μέχρι να απορροφηθεί το γάλα. Προσθέτουμε το υπόλοιπο γάλα σε δόσεις και ανακατεύουμε συνέχεια. Βάζουμε αλάτι, τη βανίλια και ανακατεύουμε 4-6 λεπτά μέχρι να μαλακώσει καλά η βρόμη. Αφαιρούμε από τη φωτιά, προσθέτουμε το μέλι, την κανέλα, το τζίντζερ και ανακατεύουμε. Βάζουμε σε πιάτο και σερβίρουμε με φρούτα της αρεσκείας μας, μέλι και δυόσμο.","Place a saucepan over low heat. Add the oats, half the milk and stir continuously until the milk is absorbed. Add the rest of the milk in portions and mix continuously. Add salt, vanilla and mix for 4-6 minutes until the oats are well softened. Remove from heat, add honey, cinnamon, ginger and mix. Place on a plate and serve with fruit of your choice, honey and mint.",,,267,9.1,8.2,38,,TRUE,TRUE,TRUE,TRUE,FALSE,FALSE,FALSE,FALSE,FALSE,TRUE,FALSE,FALSE,FALSE,FALSE,FALSE,TRUE,TRUE,TRUE,FALSE,FALSE,,,,,,,,,,,,,,
20,Μπανάνα,Banana ,,,"Μπανάνα,1,τμχ;","Banana,1,pc;",,,,,105,1.3,0.4,27,,TRUE,TRUE,TRUE,TRUE,FALSE,FALSE,FALSE,FALSE,FALSE,FALSE,FALSE,FALSE,FALSE,FALSE,FALSE,FALSE,TRUE,FALSE,FALSE,FALSE,,,,,,,,,,,,,,
21,Τραγανό αβοκάντο με βραστό αυγό,Crispy avocando with boiled egg,,,"Αυγό,2,τμχ;
Αβοκάντο,1,τμχ;
Αλεύρι για όλες τις χρήσεις,20,γρ;
Πάνκο,20,γρ;","Egg, 2, pcs;
Avocado, 1, pc;
Flour for all purposes, 20, g;
Panko, 20, g;","Τοποθετούμε μια κατσαρόλα με αλατισμένο νερό σε δυνατή φωτιά και το αφήνουμε να πάρει μια βράση. Ρίχνουμε το αυγό, βράζουμε για 3 λεπτά, και τα αφαιρούμε με μια τρυπητή κουτάλα. Μεταφέρουμε το αυγό σε κρύο νερό, ώστε να σταματήσουμε τον βρασμό του, και το αφήνουμε στην άκρη για 5 λεπτά. Κόβουμε το αβοκάντο στη μέση κατά μήκος, στρίβουμε με τα χέρια μας τα 2 κομμάτια από τις αντίθετες κατευθύνσεις, και το ανοίγουμε. Αφαιρούμε το κουκούτσι καρφώνοντας ένα μαχαίρι και με ένα κουτάλι βγάζουμε τη σάρκα του. Προσέχουμε να διατηρήσουμε το σχήμα του αβοκάντο και να μην σπάσουν κομμάτια. Ξεφλουδίζουμε το αυγό, το τοποθετούμε στην εσωτερική τρύπα του αβοκάντο, ενώνουμε τα 2 κομμάτια του αβοκάντο, και καρφώνουμε 2 οδοντογλυφίδες, μια σε κάθε άκρη, ώστε να το σφραγίσουμε. Τοποθετούμε ένα γουόκ με ηλιέλαιο σε δυνατή φωτιά να κάψει. Ρίχνουμε σε τρία μπολ ξεχωριστά το αλεύρι, το αυγό και το πάνκο, και περνάμε με αυτή τη σειρά το αβοκάντο στο κάθε μπολ να παναριστεί. Ρίχνουμε το αβοκάντο στο γουόκ, και τηγανίζουμε για 2-3 λεπτά μέχρι να πάρει χρυσαφένιο χρώμα. Αφαιρούμε τις οδοντογλυφίδες, κόβουμε στη μέση το αβοκάντο, και σερβίρουμε πάνω σε φρυγανισμένο ψωμί με τυρί κρέμα και καπνιστό σολομό. Γαρνίρουμε με ρόκα και ντοματίνια.","Place a pot of salted water over high heat and bring to a boil. Add the egg, boil for 3 minutes, and remove with a slotted spoon. Transfer the egg to cold water to stop boiling, and set aside for 5 minutes. Cut the avocado in half lengthwise, twist the 2 pieces with our hands from opposite directions, and open it. We remove the stone by sticking a knife and with a spoon we take out its flesh. We are careful to keep the shape of the avocado and not to break pieces. Peel the egg, place it in the inside hole of the avocado, join the 2 pieces of the avocado, and stick 2 toothpicks, one at each end, to seal it. Place a wok with sunflower oil on high heat to burn. Pour the flour, egg and panko into three separate bowls, and pass the avocado in this order in each bowl to be breaded. Put the avocado in the wok, and fry for 2-3 minutes until it turns golden. Remove the toothpicks, cut the avocado in half, and serve on toasted bread with cream cheese and smoked salmon. Garnish with arugula and cherry tomatoes.",,,240,3,22,13,,FALSE,FALSE,TRUE,FALSE,FALSE,FALSE,FALSE,FALSE,FALSE,FALSE,FALSE,FALSE,FALSE,FALSE,FALSE,FALSE,TRUE,FALSE,TRUE,FALSE,,,,,,,,,,,,,,
22,Βραστό αυγό,Boiled egg,,,"Βραστό αυγό,1,τμχ;","Boiled egg,1,pc;",,,,,72,6,5,0.5,,TRUE,TRUE,TRUE,TRUE,FALSE,FALSE,FALSE,FALSE,FALSE,FALSE,TRUE,FALSE,FALSE,FALSE,FALSE,FALSE,FALSE,FALSE,FALSE,FALSE,,,,,,,,,,,,,,
23,Φασολάδα,Bean soup,,,"Φασόλια λευκά μέτρια,100,γρ;
Κοφτό αλάτι,0.2,κ.γ.;
Σέλερι,0.4,κλ.;
Καρότα,0.6,τμχ;
Κρεμμύδι μεγάλο,0.2,τμχ;
Σκόρδο,1,σκ.;
Ελαιόλαδο,0.6,κ.σ.;
Πελτέ ντομάτας,0.2,κ.σ.;
Φύλλα δάφνης,0.6,τμχ;
Δεντρολίβανο,0.4,κλ.;
Κύβο λαχανικών,0.2,τμχ;
Κόκκινο μήλο,0.2,τμχ;
Nερό,0.4,lt;","Medium white beans,100,g;
Fine salt,0.2,tsp;
Celery,0.4,twigs;
Carrots,0.6,pcs;
Onion large,0.2,pcs;
Garlic,1,clove;
Olive oil,0.6,tbsp;
Tomato paste,0.2,tbsp;
Bay leaves,0.6,pcs;
Rosemary,0.4,twigs;
Cube of vegetables,0.2,pcs;
Red apple,0.2,pcs;
Water,0.4,lt;","Βάζουμε τα φασόλια μας σε ένα μπολ και το γεμίζουμε με νερό, τόσο ώστε να τα καλύψει.
Ρίχνουμε 1 κοφτή κ.γ. αλάτι, ανακατεύουμε ελαφρά και αφήνουμε στην άκρη να μουλιάσουν για 8-12 ώρες.
Στην συνέχεια, σουρώνουμε, τα πλένουμε με πολύ κρύο νερό για να καθαρίσουν πολύ καλά, τα στραγγίζουμε ξανά και τα αφήνουμε στην άκρη.
Κόβουμε το σέλερι σε μεγάλα κομμάτια 1-2 εκ. και τα καρότα σε ροδέλες 1-2 εκ.
Χοντροκόβουμε το κρεμμύδι μας και λεπτοκόβουμε τις σκελίδες σκόρδου.
Βάζουμε μία κατσαρόλα σε μέτρια φωτιά (δεν θέλουμε να κάψει), ρίχνουμε μέσα το ελαιόλαδο και τα λαχανικά μας.
Σοτάρουμε για 15-20 λεπτά μέχρι να μαλακώσουν τα λαχανικά μας, ανακατεύοντας ελαφρά αν ά τακτά χρονικά διαστήματα.
Στην συνέχεια, αφού έχουν εξατμιστεί όλα τα υγρά από τα λαχανικά και έχουν μαλακώσει, ρίχνουμε τον πελτέ και σοτάρουμε για 1 λεπτό ανακατεύοντας το φαγητό μας.
Προσθέτουμε στη συνέχεια τα φασόλια, τα φύλλα δάφνης, το δεντρολίβανο, τον κύβο και ένα ολόκληρο μήλο. Βάζοντας το ολόκληρο μήλο μέσα στην κατσαρόλα μας δένει καλύτερα η σάλτσα μας. Θα το αφαιρέσουμε μόλις μαγειρευτεί το φαγητό μας.
Ρίχνουμε το νερό και καπακώνουμε την κατσαρόλα μας.
Σιγοβράζουμε την φασολάδα μας για 1 με 1 ½ ώρα.
Ελέγχουμε που και που μήπως χρειαστεί να προσθέσουμε λίγο νερό που καλό είναι να είναι βραστό ώστε να μην διακοπεί ο βρασμός του φαγητού μας.
Δέκα λεπτά πριν βγάλουμε από την φωτιά ρίχνουμε αλάτι και πιπέρι στο φαγητό μας και καπακώνουμε πάλι την κατσαρόλα μας.
Όταν είναι έτοιμη, αφαιρούμε από τη φωτιά, βγάζουμε το μήλο από την κατσαρόλα (δεν το χρειαζόμαστε μπορούμε να το πετάξουμε).","We put our beans in a bowl and fill it with water, enough to cover them.
Add 1 tbsp. salt, mix lightly and set aside to soak for 8-12 hours.
Then, strain, wash them with very cold water to clean them very well, drain them again and set them aside.
Cut the celery into large 1-2 cm pieces and the carrots into 1-2 cm slices.
Coarsely chop our onion and finely chop the garlic cloves.
We put a pot on medium heat (we don't want it to burn), pour in the olive oil and our vegetables.
Sauté for 15-20 minutes until our vegetables are soft, stirring lightly at irregular intervals.
Then, after all the liquid has evaporated from the vegetables and they have softened, add the paste and saute for 1 minute, stirring the food.
Then add the beans, the bay leaves, the rosemary, the cube and a whole apple. By putting the whole apple in the pot, our sauce binds better. We will remove it once our food is cooked.
Pour the water and cover the pot.
Simmer our bean salad for 1 to 1 ½ hours.
We check here and there whether we need to add a little water, which should be boiled so that the boiling of our food is not interrupted.
Ten minutes before removing from the heat, add salt and pepper to our food and cover the pot again.
When it's ready, remove from the heat, take the apple out of the pot (we don't need it, we can throw it away).","Σερβίρουμε τη σούπα πασπαλίζοντας με λίγο μπούκοβο, ραντίζουμε με ελαιόλαδο και αλατοπιπερώνουμε Συνοδεύουμε με φέτα, αντζούγιες, ελιές, θυμάρι και ελαιόλαδο.","Serve the soup sprinkled with a little bukovo, sprinkle with olive oil and season with salt and pepper. Serve with feta cheese, anchovies, olives, thyme and olive oil.",344,17,8.3,47,second,TRUE,TRUE,TRUE,FALSE,FALSE,FALSE,FALSE,FALSE,TRUE,FALSE,FALSE,FALSE,FALSE,FALSE,TRUE,FALSE,FALSE,FALSE,FALSE,TRUE,,,,,,,,,,,,,,
24,Τυρί Μυζήθρα,Myzithra cheese,,,"Τυρί Μυζήθρα,50,γρ;","Myzithra cheese,50,g",,,,,145,12.5,9.25,2.9,side,TRUE,TRUE,TRUE,TRUE,FALSE,FALSE,FALSE,FALSE,FALSE,TRUE,FALSE,FALSE,FALSE,FALSE,FALSE,FALSE,FALSE,FALSE,FALSE,FALSE,,,,,,,,,,,,,,
25,Λουκάνικα με αυγά και πατάτες,Sausages with eggs and potatoes,,,"Ηλιέλαιο,200,γρ;
Πατάτες,2,τεμ;
Ελαιόλαδο,2,κσ;
Λουκάνικα,240,γρ;
Αυγά,5,τμχ;","Sunflower oil,200,g;
Potatoes,2,pcs;
Olive oil,2,ts;
Sausages,240,g;
Eggs,5,pcs;",,,,,219,22,28,20,,TRUE,TRUE,TRUE,TRUE,FALSE,TRUE,FALSE,FALSE,FALSE,FALSE,TRUE,FALSE,FALSE,FALSE,FALSE,FALSE,FALSE,FALSE,FALSE,FALSE,,,,,,,,,,,,,,
26,Ψωμί ολικής άλεσης,Wholemeal bread,,,"Ψωμί ολικής άλεσης,30,γρ;","Wholemeal bread,30,g;",,,,,76.5,3.3,0.71,13.5,bread,TRUE,TRUE,TRUE,TRUE,FALSE,FALSE,FALSE,FALSE,FALSE,FALSE,FALSE,FALSE,FALSE,FALSE,FALSE,FALSE,FALSE,FALSE,FALSE,FALSE,,,,,,,,,,,,,,
27,Ισπανική τορτίγια,Spanish tortilla,,,"Κρεμύδι,1,τμχ;
Πατάτες,2,τμχ;
Αυγά,7,τμχ;
Ελαιόλαδο,2,κσ;","Onion,1,pc;
Potatoes,2,pcs;
Eggs,7,pcs;
Olive oil,2,ts;","Τοποθετούμε μια κατσαρόλα σε μέτρια φωτιά.
Ρίχνουμε το ηλιέλαιο και το αφήνουμε να ζεσταθεί.
Κόβουμε το κρεμμύδι και τις πατάτες σε λεπτές φέτες.
Ρίχνουμε το κρεμμύδι στην κατσαρόλα και το τηγανίζουμε για 1-2 λεπτά, μέχρι να αρχίσει να γίνεται διάφανο. 
Προσθέτουμε τις πατάτες και τηγανίζουμε για 10-15 λεπτά, μέχρι να ψηθούν και να πάρουν χρώμα.
Σπάμε σε ένα μπολ τα αβγά και τα χτυπάμε ελαφρά με μια ξύλινη κουτάλα.
Αφαιρούμε τις πατάτες και τα κρεμμύδια από την κατσαρόλα και τα μεταφέρουμε στο μπολ με τα αβγά.
Προσθέτουμε λίγο αλάτι και το θυμάρι, και ανακατεύουμε με την ξύλινη κουτάλα.
Αφήνουμε το μείγμα στην άκρη για 30 λεπτά.
Τοποθετούμε ένα αντικολλητικό τηγάνι διαμέτρου 26 εκ. σε μέτρια προς χαμηλή φωτιά.
Ρίχνουμε το ελαιόλαδο, το απλώνουμε να πάει παντού, και αδειάζουμε το μείγμα της ομελέτας.
Σκεπάζουμε το τηγάνι με το καπάκι του και ψήνουμε για 4-5 λεπτά από τη μία μεριά, μέχρι να ψηθεί το κάτω μέρος της ομελέτας και να πάρει χρυσαφένιο χρώμα.
Αναποδογυρίζουμε την ομελέτα σε ένα πιάτο, τη μεταφέρουμε ξανά στο τηγάνι, και την τοποθετούμε ξανά στη φωτιά για ακόμα λίγα λεπτά, μέχρι να πάρει χρώμα και από την άλλη μεριά.
Σερβίρουμε την ομελέτα με ρόκα και την πασπαλίσουμε με θυμάρι και ελαιόλαδο.","Place a saucepan on medium heat.
Pour in the sunflower oil and let it heat up.
Cut the onion and potatoes into thin slices.
Put the onion in the pot and fry it for 1-2 minutes, until it starts to become transparent.
Add the potatoes and fry for 10-15 minutes, until they are cooked and colored.
Break the eggs into a bowl and beat them lightly with a wooden spoon.
Remove the potatoes and onions from the pot and transfer them to the bowl with the eggs.
Add some salt and the thyme, and mix with the wooden spoon.
Leave the mixture aside for 30 minutes.
Place a 26 cm diameter non-stick frying pan on medium to low heat.
Pour the olive oil, spread it to go everywhere, and pour the omelette mixture.
Cover the pan with its lid and cook for 4-5 minutes on one side, until the bottom of the omelet is cooked and golden.
Turn the omelette over on a plate, transfer it back to the pan, and place it back on the heat for a few more minutes, until it gets colored on the other side as well.
Serve the omelette with arugula and sprinkle with thyme and olive oil.",,,463,16,27,36,,TRUE,TRUE,TRUE,TRUE,FALSE,FALSE,FALSE,FALSE,FALSE,FALSE,TRUE,FALSE,FALSE,FALSE,FALSE,FALSE,FALSE,FALSE,FALSE,FALSE,,,,,,,,,,,,,,
28,Κουλουράκια με σταφίδες,Cookies with raisins,,,"Ηλιέλαιο, 100,γρ;
Χυμό πορτοκάλι,150γρ;
Κρισταλική ζάχαρη,150γρ;
Μαγειρική σόδα,0.5κγ;
Μπέικιν πάουντερ,0,5,κγ;
Αλεύρι,450,γρ;
Σταφίδες,100,γρ;","Sunflower oil,100,g;
Orange juice,150g;
Crystal sugar,150g;
Baking soda,0.5kg;
Baking powder,0.5kg;
Flour,450,g;
Raisins,100,g;","Προθερμαίνουμε τον φούρνο στους 180°C στον αέρα. Στρώνουμε ένα φύλλο λαδόκολλας σε ένα ταψί και το αφήνουμε στην άκρη. Ρίχνουμε σε ένα μπολ το ηλιέλαιο, τον χυμό πορτοκαλιού και τη ζάχαρη, και ανακατεύουμε καλά με ένα σύρμα χειρός μέχρι να λιώσει η ζάχαρη. Ρίχνουμε σε ένα δεύτερο μπολ τη μαγειρική σόδα, το μπέικιν πάουντερ, το αλάτι, το αλεύρι, την κανέλα και τις σταφίδες, και ανακατεύουμε καλά με ένα κουτάλι. Μεταφέρουμε τα στερεά υλικά στο μπολ με τα υγρά, και ανακατεύουμε με τα χέρια μας μέχρι να ομογενοποιηθούν και να έχουμε μια μαλακή και εύπλαστη ζύμη. Χωρίζουμε τη ζύμη σε 25 μπαλάκια των 30 γρ. και πλάθουμε τα κουλουράκια σε πλεξούδες. Μεταφέρουμε τα κουλουράκια στο ταψί και τα πασπαλίζουμε με ζάχαρη. Μεταφέρουμε το ταψί στον φούρνο και ψήνουμε για 20-25 λεπτά. Αφαιρούμε τα κουλουράκια από τον φούρνο και τα αφήνουμε να κρυώσουν καλά.","Preheat the oven to 180°C in the air. Place a sheet of parchment paper on a baking sheet and set aside. Pour the sunflower oil, orange juice and sugar into a bowl, and mix well with a hand whisk until the sugar melts. Put the baking soda, baking powder, salt, flour, cinnamon and raisins in a second bowl and mix well with a spoon. We transfer the solid ingredients to the bowl with the liquids, and mix with our hands until they are homogenized and we have a soft and pliable dough. Divide the dough into 25 balls of 30 g each. and shape the cookies into braids. Transfer the cookies to the pan and sprinkle them with sugar. Transfer the pan to the oven and bake for 20-25 minutes. Remove the cookies from the oven and let them cool well.",,,137,1.9,4.3,22,,TRUE,TRUE,TRUE,TRUE,FALSE,FALSE,FALSE,FALSE,FALSE,FALSE,FALSE,FALSE,FALSE,FALSE,FALSE,FALSE,TRUE,TRUE,FALSE,FALSE,,,,,,,,,,,,,,
29,Καρύδια,Walnuts,,,"Καρύδια,8,τμχ","Walnuts,1,pc",,,,,209,4.87,20.87,4.39,,TRUE,TRUE,TRUE,TRUE,FALSE,FALSE,FALSE,FALSE,FALSE,FALSE,FALSE,FALSE,FALSE,FALSE,FALSE,FALSE,FALSE,TRUE,FALSE,FALSE,,,,,,,,,,,,,,
30,Μαροκινό κοτόπουλο,Moroccan Chicken,,,"Αλάτι,1, κ.σ.;
Κρυσταλλική ζάχαρη,1,κ.σ.;
Κύμινο,1,κ.γ.;
Κανέλα,1,κ.γ.;
Σκόρδο σε σκόνη,1,κ.γ.;
Μπούκοβο,1,κ.σ.;
Πιπέρι καγιέν,1/2, κ.γ.; 
Ρίγανη,1,κ.σ.;
Φύλλα δάφνης,2,τμχ;
Ελαιόλαδο,4,κ.σ.;
Ζωμό λαχανικών,1,κ.σ.;
Κρεμμύδι,1,τμχ;
Καρότα,2,τμχ;
Κόκκινη πιπεριά,1,τμχ;
Πιπεριά τσίλι,1,τμχ;
Κολοκύθα καθαρισμένη,400,γρ;
Χυμό πορτοκαλιού,10,γρ;
Χυμό λεμονιού,10,γρ;
Φιλέτο μπούτι κοτόπουλου,1000,γρ;","Salt, 1,tsp;
Granulated sugar, 1, tsp;
Cumin, 1, tsp;
Cinnamon, 1 ,tsp;
Garlic powder, 1, tsp;
Ground cloves, 1, tsp;
Cayenne pepper, 1/2, tsp;
Dried oregano, 1, tsp;
Bay leaves, 2, leaves;
Olive oil, 4, tbsp;
Vegetable broth, 1, tbsp;
Onion, 1, onion;
Carrots, 2, carrots;
Red bell pepper, 1, pepper;
Chili pepper, 1, pepper;
Butternut squash, peeled and cubed, 400,g;
Orange juice, 10, ml;
Lemon juice, 10, ml;
Chicken thigh fillets, 1000,g;
Sesame seeds, 2, tbsp;","Προθερμαίνουμε τον φούρνο στους 220ο C στον αέρα.
Σε ένα μπολ βάζουμε το αλάτι, τη ζάχαρη, το κύμινο, την κανέλα, το σκόρδο, το μπούκοβο, πιπέρι καγιέν, τη ρίγανη, τα φύλλα δάφνης, 4 κ.σ. ελαιόλαδο, τον ζωμό και ανακατεύουμε.
Κόβουμε το κρεμμύδι σε τέσσερα κομμάτια και ανοίγουμε τα φύλλα του. Τα βάζουμε μέσα στο μπολ με τη μαρινάδα.
Κόβουμε τα καρότα σε λεπτές ροδέλες και τα βάζουμε στο μπολ.
Κόβουμε την πιπεριά σε μεγάλα κομμάτια, την πιπεριά τσίλι σε μικρά κομμάτια και τα βάζουμε στο μπολ.
Καθαρίζουμε την κολοκύθα και την κόβουμε σε λωρίδες 2 εκ. Τις βάζουμε στο μπολ με τα υπόλοιπα λαχανικά. Προσθέτουμε το ξύσμα και τον χυμό από το πορτοκάλι και το λεμόνι.
Βάζουμε στο μπολ και το κοτόπουλο και ανακατεύουμε. Μεταφέρουμε σε ένα ταψί 30x40 εκ. και φροντίζουμε κάτω να είναι τα λαχανικά και το κοτόπουλο από πάνω.
Πασπαλίζουμε με το σουσάμι και ψήνουμε 25-30 λεπτά.","Preheat the oven to 220°C on the air setting.
In a bowl, mix together salt, sugar, cumin, cinnamon, garlic powder, paprika, cayenne pepper, oregano, bay leaves, 4 tbsp olive oil, vegetable broth, and stir well.
Cut the onion into four pieces and separate the layers. Add to the bowl with the marinade.
Cut the carrots into thin rounds and add to the bowl.
Cut the bell pepper into large pieces, the chili pepper into small pieces, and add to the bowl.
Clean the squash and cut it into 2 cm strips. Add to the bowl with the other vegetables. Add the zest and juice from the orange and lemon.
Add the chicken to the bowl and mix well. Transfer the mixture to a baking dish measuring 30x40 cm and make sure the vegetables are at the bottom and the chicken is on top.
Sprinkle with sesame seeds and bake for 25-30 minutes.
Serve with basmati rice, coriander, and yogurt.","Σερβίρουμε με ρύζι μπασμάτι, κόλιανδρο και γιαούρτι.","Serve with basmati rice, coriander, and yogurt.",344,40,15,11,first,TRUE,TRUE,TRUE,TRUE,TRUE,FALSE,FALSE,FALSE,TRUE,FALSE,FALSE,FALSE,FALSE,FALSE,FALSE,FALSE,FALSE,FALSE,FALSE,TRUE,,,,,,,,,,,,,,
31,Κριτσίνια με σουσάμι,Breadsticks with sesame seeds,,,"Αλεύρι,300,γρ;
Μπέκιν πάουντερ,1,κγ;
Ελαιόλαδο,100,γρ;
Νερό,100,γρ;","Flour,300,g;
Baking powder,1,ts;
Olive oil,100,g;
Water,100,g;"," Προθερμαίνουμε τον φούρνο στους 170°C στον αέρα. Στρώνουμε ένα φύλλο λαδόκολλας σε ένα ταψί και το αφήνουμε στην άκρη. Ρίχνουμε σε ένα μπολ τo αλεύρι, το μπέικιν, το ελαιόλαδο, το αλάτι και το νερό, και τα πλάθουμε με τα χέρια μας μέχρι να ομογενοποιηθούν και να έχουμε ένα εύπλαστο ζυμάρι. Ρίχνουμε σε ένα μπολ το νερό και σε ένα δεύτερο το σουσάμι. Χωρίζουμε τη ζύμη σε μπαλάκια των 20 γρ. Πλάθουμε με τα χέρια μας τα μπαλάκια σε μπαστουνάκια μήκους 10 εκ. Περνάμε τα μπαστουνάκια πρώτα από το μπολ με το νερό και έπειτα από το μπολ με το σουσάμι. Τοποθετούμε τα κριτσίνια στο ταψί αφήνοντας κενό μεταξύ τους. Μεταφέρουμε το ταψί στον φούρνο κα ψήνουμε για 20-30 λεπτά. Αφαιρούμε το ταψί από τον φούρνο. Σερβίρουμε τα κριτσίνια με τα συνοδευτικά της αρεσκείας μας.",Breadsticks with sesame seeds,,,146,3.1,9.6,11,,TRUE,TRUE,TRUE,TRUE,FALSE,FALSE,FALSE,FALSE,FALSE,FALSE,FALSE,FALSE,FALSE,FALSE,FALSE,FALSE,FALSE,FALSE,FALSE,FALSE,,,,,,,,,,,,,,
32,"Σαλάτα με αποξηραμένα σύκα, καραμελωμένα καρύδια και dressing ροδιού
","Green salad with dried figs, caramelized walnuts, and pomegranate dressing",,,"Ξερά σύκα, 150,γρ;
Μαυροδάφνη , 10,γρ;
Μπαλσαμικο ξίδι, 40,γρ;
Κανέλα, 1,στικ;
Καρύδια, 150,γρ;
Κρυσταλλική ζάχαρη, 80,γρ;
Χυμός λεμονιού, 20,γρ;
Μέλι, 1,2, κ.γ.;
Μουστάρδα, 10,γρ;
Ηλιέλαιο, 120,γρ;
Πράσινη σαλάτα (baby), 200,γρ;
Αρσενικό από Νάξο (κομμένο σε λεπτές φέτες με έναν φλοιό πορτοκαλιού), 100,γρ;
Φιλέτα πορτοκαλιού, 1 ,πορτοκάλι;
","Dried figs,150,g;
Mavrodafni (sweet fortified wine),10,g;
Balsamic vinegar,40,g;
Cinnamon,1,stick;
Walnuts,150,g;
Granulated sugar,80,g;
Lemon juice,20,g;
Honey,1.2,ts;
Mustard,10,g;
Sunflower oil,120,g;
Green salad (baby),200,g;
Arseniko from Naxos (spicy kefalotyri cheese-cut into thin slices with a peeler),100,g;
Orange fillets,1,orange
","Τοποθετούμε μια κατσαρόλα σε χαμηλή φωτιά, ρίχνουμε τα σύκα, τη μαυροδάφνη, το βαλσάμικο ξίδι, το στικ κανέλας και τον αστεροειδή γλυκάνισο, και βράζουμε μέχρι να μαλακώσουν τα σύκα και να εξατμιστεί η περισσότερη υγρασία από την κατσαρόλα. 
Αποσύρουμε την κατσαρόλα από τη φωτιά και αφήνουμε τα σύκα στην άκρη να κρυώσουν. 
Κόβουμε τα σύκα σε λεπτές φέτες και τα αφήνουμε στην άκρη.
Βάζουμε τα καρύδια σε ένα μπολ, καλύπτουμε με διάφανη μεμβράνη, και μεταφέρουμε στον φούρνο μικροκυμάτων στα 800 Watt για 1-2 λεπτά, μέχρι να ζεσταθούν.
Στρώνουμε ένα φύλλο λαδόκολλας σε ένα ταψί και το αφήνουμε στην άκρη.
Τοποθετούμε ένα αντικολλητικό τηγάνι σε μέτρια φωτιά.
Ρίχνουμε τη ζάχαρη σιγά-σιγά σε δόσεις. 
Βάζουμε στην αρχή 20 γρ. και μόλις λιώσουν, ρίχνουμε άλλα 20 γρ., και επαναλαμβάνουμε την ίδια διαδικασία μέχρι να τελειώσει όλη η ποσότητα της ζάχαρης.
Όταν λιώσει και η τελευταία δόση της ζάχαρης, ρίχνουμε μέσα τα καρύδια, και ανακατεύουμε με μια σπάτουλα σιλικόνης να πάει παντού η καραμέλα. 
Μεταφέρουμε γρήγορα τα καραμελωμένα καρύδια στο ταψί. Προσέχουμε να μην ακουμπήσουμε το μείγμα γιατί καίει πολύ.
Αφήνουμε τα καρύδια στην άκρη να κρυώσουν για περίπου 30 λεπτά.
Βάζουμε σε ένα μπολ τον χυμό λεμονιού, τη γρεναδίνη, το μέλι, τη μουστάρδα και λίγο αλάτι, και ανακατεύουμε με ένα σύρμα χειρός μέχρι να ομογενοποιηθούν τα υλικά. 
Προσθέτουμε σιγά-σιγά το ηλιέλαιο, ανακατεύοντας συνεχώς με το σύρμα χειρός μέχρι να δέσει το dressing.
Ελέγχουμε το αλάτι, προσθέτουμε αν χρειάζεται, και αφήνουμε το dressing στην άκρη μέχρι να το χρειαστούμε. 
Για τη συνταγή θα χρειαστούμε περίπου τη μισή ποσότητα. Την υπόλοιπη μισή την αποθηκεύουμε σε ένα βαζάκι στο ψυγείο για 3-4 ημέρες.
Βάζουμε σε ένα μπολ τα σαλατικά, 2 κ.σ. από το dressing, και λίγο αλάτι, και ανακατεύουμε με ένα κουτάλι. 
Μεταφέρουμε τη σαλάτα στο πιάτο σερβιρίσματος, προσθέτουμε τα σύκα, τα καραμελωμένα καρύδια, τις φέτες από το αρσενικό Νάξου και τα φιλέτα πορτοκαλιού, και περιχύνουμε με λίγο ακόμα dressing. 
Σερβίρουμε.
","Place a pot over low heat, add the figs, sweet red wine, balsamic vinegar, cinnamon stick, and star anise, and boil them until the figs are tender and most of the pot’s moisture is evaporated. 
Remove the pot from the heat and set the figs aside to cool. 
Cut the figs into thin slices and set them aside.
Put the walnuts in a bowl, cover it with plastic wrap, and microwave it at 800 Watts, for 1-2 minutes, until they are warm.
Line a baking pan with parchment paper and set it aside.
Place a non-stick frying pan over medium heat.
Gradually add the sugar in batches. 
Firstly, add 20 g of sugar and once melted, add another 20 g, and follow the same process for all of the sugar.
When the last batch of the sugar is melted, add the walnuts, and stir with a silicone spatula to spread the caramel over the whole surface. 
Quickly transfer the caramelized walnuts to the pan. Make sure you do not touch them as they are extremely hot.
Set the walnuts aside to cool for about 30 minutes.
In a bowl add the lemon juice, grenadine, honey, mustard, and a little salt, and whisk them well until homogenized. 
Slowly add the sunflower oil, whisking constantly until the dressing thickens.
Check the seasoning, add some salt if you want, and set the dressing aside until needed. 
You will need about half of the dressing for this recipe. You can store the other half in a jar, for 3-4 days in the refrigerator.
Put the green salad in a bowl, add 2 tablespoons of the dressing and a little salt, and mix them with a spoon.
Transfer the salad to your serving plate, add the figs, caramelized walnuts, cheese slices, and orange fillets, and drizzle the salad with a little more dressing. 
Serve.
",,,335,8.1,22,24,second,TRUE,TRUE,TRUE,TRUE,FALSE,FALSE,FALSE,FALSE,FALSE,TRUE,FALSE,FALSE,FALSE,FALSE,FALSE,FALSE,TRUE,TRUE,FALSE,FALSE,,,,,,,,,,,,,,
33,Ταχίνι με μέλι,Tahini with honey,,,"Ταχίνι με μέλι,25,γρ;","Tahini with honey,25,g;",,,,,143,2.6,9.5,11.4,side,TRUE,TRUE,TRUE,TRUE,FALSE,FALSE,FALSE,FALSE,FALSE,FALSE,FALSE,FALSE,FALSE,FALSE,FALSE,TRUE,FALSE,FALSE,FALSE,FALSE,,,,,,,,,,,,,,
34,Κέικ βανίλιας με γιαούρτι,Vanilla cake with yogurt,,,"Βούτυρο,250,γρ;
Κρυσταλική ζάχαρη,250,γρ;
Αυγά,4,τμχ;
Ξύσμα λεμονι,1,τμχ;
Γιαούρτι στραγγιστό,150,γρ;
Εκχύλισμα βανίλιας,1,κγ;
Αλεύρι που φουσκώνει μόνο του,350,γρ;","Butter, 250, g;
Crystal sugar, 250, g;
Eggs, 4, pcs;
Lemon zest, 1, pc;
Strained yogurt, 150, g;
Vanilla extract, 1, kg;
Self-rising flour, 350 g;","Προθερμαίνουμε τον φούρνο στους 160°C στον αέρα. Ρίχνουμε στον κάδο του μίξερ το βούτυρο και τη ζάχαρη, και χτυπάμε με το φτερό ή το σύρμα σε δυνατή ταχύτητα μέχρι να αφρατέψει και να ασπρίσει το μείγμα. Ενδιάμεσα σταματάμε το μίξερ, παίρνουμε με μια σπάτουλα σιλικόνης ό,τι έχει μείνει στα τοιχώματα του κάδου, και ξαναχτυπάμε. Χαμηλώνουμε την ταχύτητα και προσθέτουμε ένα-ένα τα αυγά. Περιμένουμε να απορροφηθεί το πρώτο πριν ρίξουμε το επόμενο. Αφαιρούμε τον κάδο από το μίξερ, προσθέτουμε το ξύσμα λεμονιού, το γιαούρτι, το εκχύλισμα βανίλιας και το αλεύρι, και ανακατεύουμε με μια ξύλινη κουτάλα μέχρι να ομογενοποιηθούν τα υλικά. Βουτυρώνουμε και αλευρώνουμε μία στρογγυλή φόρμα για κέικ με τρύπα στη μέση διαμέτρου 23 εκ. Μεταφέρουμε το μείγμα στη φόρμα και το απλώνουμε ομοιόμορφα με μια κουτάλα. Μεταφέρουμε τη φόρμα στον φούρνο και ψήνουμε για 1 ώρα. Μπορούμε να δούμε αν το κέικ έχει ψηθεί, τρυπώντας το με μια οδοντογλυφίδα, και αν αυτή βγει καθαρή το κέικ είναι έτοιμο. Αφαιρούμε το κέικ από τον φούρνο και το αφήνουμε να κρυώσει 5-10 λεπτά πριν το ξεφορμάρουμε. Ξεφορμάρουμε το κέικ και το αφήνουμε πάνω σε μια σχάρα για 30-60 λεπτά μέχρι να κρυώσει εντελώς. Πασπαλίζουμε με ζάχαρη άχνη, κόβουμε σε κομμάτια και σερβίρουμε. ","Preheat the oven to 160°C in the air. Pour the butter and sugar into the mixer bowl, and beat with the whisk or whisk at high speed until the mixture is fluffy and white. In between, stop the mixer, use a silicone spatula to remove what is left on the walls of the container, and beat again. Reduce the speed and add the eggs one by one. We wait for the first to be absorbed before pouring the next. Remove the bowl from the mixer, add the lemon zest, yogurt, vanilla extract and flour, and mix with a wooden spoon until the ingredients are smooth. Butter and flour a round cake tin with a 23cm hole in the middle. Transfer the mixture to the tin and spread it evenly with a spoon. Transfer the form to the oven and bake for 1 hour. We can see if the cake is cooked by piercing it with a toothpick, and if it comes out clean the cake is ready. Remove the cake from the oven and let it cool for 5-10 minutes before unmolding. Unmould the cake and leave it on a wire rack for 30-60 minutes until it cools completely. Sprinkle with powdered sugar, cut into pieces and serve.",,,423,6.9,20,53,,TRUE,TRUE,TRUE,TRUE,FALSE,FALSE,FALSE,FALSE,FALSE,TRUE,TRUE,FALSE,FALSE,FALSE,FALSE,FALSE,FALSE,FALSE,FALSE,FALSE,,,,,,,,,,,,,,
35,Φρέσκο γάλα,Fresh milk,,,"Φρέσκο γάλα 1.5% λιπαρά,200,ml;","Fresh milk 1.5% fat,200,ml;",,,,,92,6.6,3,9.4,side,TRUE,TRUE,TRUE,TRUE,FALSE,FALSE,FALSE,FALSE,FALSE,TRUE,FALSE,FALSE,FALSE,FALSE,FALSE,FALSE,FALSE,FALSE,FALSE,FALSE,,,,,,,,,,,,,,
36,Μοσχαράκι με πατάτες στη χύτρα ταχύτητας,Beef with potatoes in the pressure cooker,,,"Ελαιόλαδο,6,κσ;
Μοσχαρίσια σπάλα,1.5,κιλ;
Καρότα,500,γρ;
Πατάτες,1,κιλ;
Κρεμύδι,1,τμχ;
Σκόρδο,4,σκ;
Σέλερι,2,στικ;
Πελτέ ντομάτας,1,κσ;
Κόκκινο κρασί,150,γρ;
Θυμάρι,1,κγ;
Κύβο βοδινό,1,τμχ;
Νερό,400,γρ;","Olive oil,6,ks;
Beef shoulder,1.5,kg;
Carrots,500,g;
Potatoes,1,kg;
Onion,1,pc;
Garlic,4,tbsp;
Celery,2,stick;
Tomato paste,1,tbsp.
Red wine,150,g;
Thyme,1kg;
Cubed beef,1,pc;
Water,400,g;","Τοποθετούμε μια χύτρα ταχύτητας με 1 κ.σ. ελαιόλαδο σε δυνατή φωτιά να κάψει. Βάζουμε σε ένα μπολ τη σπάλα, πασπαλίζουμε με αλάτι, πιπέρι και 3 κ.σ. ελαιόλαδο, και ανακατεύουμε με τα χέρια μας φορώντας γάντια. Ρίχνουμε τη σπάλα στη χύτρα ταχύτητας και σοτάρουμε μέχρι να πάρει ωραίο χρώμα σε όλες τις πλευρές. Αφαιρούμε τη σπάλα από τη χύτρα και ρίχνουμε 2 κ.σ. ελαιόλαδο. Χοντροκόβουμε τα καρότα, τις πατάτες, το κρεμμύδι, τις σκελίδες σκόρδου και το σέλερι, και τα ρίχνουμε στη χύτρα. Ανακατεύουμε με μια ξύλινη κουτάλα και σοτάρουμε για 2 λεπτά. Προσθέτουμε τη σπάλα, τον πελτέ ντομάτας, σβήνουμε με το κρασί, και αφήνουμε να εξατμιστεί τελείως το αλκοόλ του. Προσθέτουμε το αλάτι, το πιπέρι, το θυμάρι, τον κύβο και το νερό, και ανακατεύουμε με την κουτάλα. Κλείνουμε τη χύτρα με το καπάκι της, γυρνάμε τη βαλβίδα στην ένδειξη 2 και μόλις εμφανιστεί η πράσινη ένδειξη, χαμηλώνουμε τη φωτιά και βράζουμε για 35 λεπτά. Αποσύρουμε τη χύτρα από τη φωτιά, αποσυμπιέζουμε με προσοχή και ανοίγουμε το καπάκι. Ψιλοκόβουμε το σχοινόπρασο, το ρίχνουμε στη χύτρα, ανακατεύουμε, και σερβίρουμε.","Place a pressure cooker with 1 tbsp. olive oil on high heat to burn. Put the shoulder in a bowl, sprinkle with salt, pepper and 3 tbsp. olive oil, and mix with our hands wearing gloves. Put the shoulder in the pressure cooker and saute until it gets a nice color on all sides. Remove the shoulder from the pot and add 2 tbsp. olive oil. Coarsely chop the carrots, potatoes, onion, garlic cloves and celery, and throw them into the pot. Stir with a wooden spoon and saute for 2 minutes. Add the shoulder, the tomato paste, extinguish with the wine, and let the alcohol evaporate completely. Add the salt, pepper, thyme, cube and water, and mix with the spoon. Close the kettle with its lid, turn the valve to indicator 2 and as soon as the green indicator appears, lower the heat and boil for 35 minutes. Remove the kettle from the heat, release the pressure carefully and open the lid. Finely chop the chives, add to the pot, stir, and serve.",,,519,32,31,24,,TRUE,TRUE,TRUE,TRUE,FALSE,TRUE,FALSE,FALSE,FALSE,FALSE,FALSE,FALSE,FALSE,FALSE,FALSE,FALSE,FALSE,FALSE,FALSE,TRUE,,,,,,,,,,,,,,
37,Αυγά βρασμένα,Boiled eggs,,,"Αυγό βρασμένο,2,τμχ;","Boiled egg,2,pcs;",,,,,154,12.52,10.56,1.12,side,TRUE,TRUE,TRUE,TRUE,FALSE,FALSE,FALSE,FALSE,FALSE,FALSE,TRUE,FALSE,FALSE,FALSE,FALSE,FALSE,FALSE,FALSE,FALSE,FALSE,,,,,,,,,,,,,,
38,Αβοκάντο,Avocado,,,"Αβοκάντο,0.5,τμχ;","Avocado,0.5,pcs;",,,,,160,2,14.7,8.5,,TRUE,TRUE,TRUE,TRUE,FALSE,FALSE,FALSE,FALSE,FALSE,FALSE,FALSE,FALSE,FALSE,FALSE,FALSE,FALSE,TRUE,FALSE,FALSE,FALSE,,,,,,,,,,,,,,
39,Τραγανά ρεβίθια στον φούρνο,Crispy chickpeas in the oven,,,"Ρεβίθια,600,γρ;
Σέλερι,2,τμχ;
Κρεμύδια,2,τμχ;
Καρότα,2,τμχ;
Πάπρικα γλυκιά,1,κσ;
Σκόρδο,2,σκ;
Κρυσταλλική ζάχαρη,1,πρέζα;
Ελαιόλαδο,2,κσ;
Βούτυρο,2,κσ;
Θυμάρι φρέσκο,1,κγ;","Chickpeas, 600, g;
Celery, 2 pcs.
Onions, 2 pcs.;
Carrots, 2 pcs.
Sweet paprika, 1 tbsp.
Garlic, 2 tbsp;
Granulated sugar, 1, pinch;
Olive oil, 2, ks;
Butter, 2 tbsp;
Fresh thyme, 1 kg;","Προθερμαίνουμε τον φούρνο στους 200°C στον αέρα. Τοποθετούμε μια κατσαρόλα με νερό σε δυνατή φωτιά να βράσει. Ρίχνουμε τα ρεβίθια και βράζουμε για 15-20 λεπτά. Αποσύρουμε την κατσαρόλα από τη φωτιά και σουρώνουμε τα ρεβίθια σε ένα μπολ. Ψιλοκόβουμε σε ένα ξύλο κοπής τα σέλερι, τα κρεμμύδια και τα καρότα, και τα μεταφέρουμε σε ένα δεύτερο μπολ. Προσθέτουμε την πάπρικα, το σκόρδο, τη ζάχαρη, το ελαιόλαδο, το αλάτι και το πιπέρι, και ανακατεύουμε καλά με ένα κουτάλι. Μεταφέρουμε τα ρεβίθια στο μπολ με τα λαχανικά και ανακατεύουμε με το κουτάλι. Μεταφέρουμε τα ρεβίθια με τα λαχανικά σε ένα ταψί και ρίχνουμε από πάνω το βούτυρο και το θυμάρι. Μεταφέρουμε το ταψί στον φούρνο και ψήνουμε για 40 λεπτά. Στον μισό χρόνο ανακατεύουμε και συνεχίζουμε το ψήσιμο. Αφαιρούμε το ταψί από τον φούρνο, απλώνουμε γιαούρτι σε πιάτα και μοιράζουμε το φαγητό από πάνω. Πασπαλίζουμε με μαϊντανό, ελαιόλαδο και λεμόνι, και σερβίρουμε με φέτες λεμονιού.","Preheat the oven to 200°C in the air. Place a pot of water on high heat to boil. Add the chickpeas and boil for 15-20 minutes. Remove the pot from the heat and strain the chickpeas into a bowl. Finely chop the celery, onions and carrots on a cutting board, and transfer them to a second bowl. Add the paprika, garlic, sugar, olive oil, salt and pepper, and mix well with a spoon. Transfer the chickpeas to the bowl with the vegetables and mix with the spoon. Transfer the chickpeas with the vegetables to a baking tray and pour the butter and thyme on top. Transfer the pan to the oven and bake for 40 minutes. Halfway through the time, stir and continue baking. Remove the pan from the oven, spread yogurt on plates and divide the food on top. Sprinkle with parsley, olive oil and lemon, and serve with lemon slices.",,,357,18,12,40,,TRUE,TRUE,TRUE,TRUE,FALSE,FALSE,FALSE,FALSE,TRUE,FALSE,FALSE,FALSE,FALSE,FALSE,FALSE,FALSE,FALSE,FALSE,FALSE,TRUE,,,,,,,,,,,,,,
40,Wrap με γλυκόξινο κοτόπουλο,Wrap with sweet and sour chicken,,,"Πάπρικα καπνιστή,0,5,κγ;
κάρι,1,κγ;
τσίντζερ σε σκόνη,1/3,κγ;
Ελαιόλαδο,2,κσ;
Αλάτι,11,γρ;
σκόρδο,1,σκ;
Φιλέτο μπούτι κοτόπουλο,1,κιλ;
Κέτσαπ,6,κσ;
Αγγούρια,2,τμχ;
Αβοκάντο,1,τμχ;
Ντομάτα,1,τμχ;
Γιαούρτι στραγγιστό,400,γρ;
Σουμάκ,4,κσ;
Πίτες χορταρικών,8,τμχ;
Κόλιανδρο φρέσκο,4,κλ;","Smoked paprika, 0.5 kg;
curry,1,kg;
powdered ginger, 1/3, kg;
Olive oil, 2, ks;
Salt, 11, g;
garlic, 1 tsp;
Chicken leg fillet, 1, kg;
Ketchup, 6, ks;
Cucumbers, 2, pcs;
Avocado, 1, pc;
Tomato, 1, pc;
Strained yogurt, 400, g;
Sumac, 4, ks;
Vegetable pies, 8, pcs;
Fresh coriander, 4, kg;","Προθερμαίνουμε τον φούρνο στους 200°C στον αέρα. Τοποθετούμε ένα τηγάνι σε δυνατή φωτιά να κάψει. Ρίχνουμε σε ένα μπολ την πάπρικα, το κάρι, το τζίντζερ, το ελαιόλαδο, το αλάτι και το πιπέρι. Τρίβουμε το σκόρδο με έναν τρίφτη χειρός πάνω από το μπολ και ανακατεύουμε με ένα σύρμα χειρός. Φοράμε γάντια, κόβουμε σε ένα ξύλο κοπής το κοτόπουλο σε μικρά κομμάτια και το μεταφέρουμε στο μπολ με τη μαρινάδα. Ανακατεύουμε με τα χέρια μας μέχρι να μαριναριστεί παντού. Μεταφέρουμε το κοτόπουλο στο τηγάνι και σοτάρουμε για 2-3 λεπτά μέχρι να πάρει ωραίο χρώμα, γυρνώντας πλευρές με μια τσιμπίδα. Ρίχνουμε σε ένα δεύτερο μπολ την κέτσαπ, μεταφέρουμε το κοτόπουλο και το ανακατεύουμε με τη βοήθεια της τσιμπίδας. Αποσύρουμε το τηγάνι από τη φωτιά. Μεταφέρουμε το κοτόπουλο σε ένα ταψί με σχάρα. Μεταφέρουμε το ταψί στον φούρνο και ψήνουμε για 10-15 λεπτά. Αφαιρούμε το ταψί από τον φούρνο και αφήνουμε στην άκρη. Για τη σύνθεση: Κόβουμε σε ένα ξύλο κοπής το αγγούρι, το αβοκάντο και την ντομάτα σε πολύ λεπτές φέτες, και τα αφήνουμε στην άκρη. Ρίχνουμε σε ένα μπολ το γιαούρτι, το σουμάκ, αλάτι και πιπέρι, ανακατεύουμε με ένα κουτάλι, και αφήνουμε στην άκρη. Τοποθετούμε τις πίτες στον πάγκο εργασίας τη μια δίπλα στην άλλη, βάζουμε από 1 κ.σ. από το γιαούρτι και απλώνουμε με ένα κουτάλι σε όλη την επιφάνεια της πίτας. Προσθέτουμε το κοτόπουλο, το αγγούρι, το αβοκάντο, την ντομάτα και τον κόλιανδρο. Τυλίγουμε σε ρολάκια, καρφώνουμε με ξυλάκια για να μην ανοίξουν και σερβίρουμε με φρέσκο κόλιανδρο.","Preheat the oven to 200°C in the air. Place a pan on high heat to burn. Put the paprika, curry, ginger, olive oil, salt and pepper in a bowl. Grate the garlic with a hand grater over the bowl and mix with a hand whisk. Put on gloves, cut the chicken into small pieces on a cutting board and transfer it to the bowl with the marinade. Mix with your hands until marinated all over. Transfer the chicken to the pan and saute for 2-3 minutes until it gets a nice color, turning sides with tongs. Put the ketchup in a second bowl, transfer the chicken and mix it with the help of tongs. Remove the pan from the heat. Transfer the chicken to a roasting pan. Transfer the pan to the oven and bake for 10-15 minutes. Remove the pan from the oven and set aside. For the composition: On a cutting board, cut the cucumber, avocado and tomato into very thin slices, and set them aside. Pour the yogurt, sumac, salt and pepper into a bowl, mix with a spoon, and set aside. Place the pies on the work bench next to each other, put 1 tbsp. of the yogurt and spread with a spoon over the entire surface of the pie. Add the chicken, cucumber, avocado, tomato and coriander. Roll into rolls, stick with sticks so they don't open and serve with fresh coriander.",,,531,43,17,48,,FALSE,FALSE,FALSE,TRUE,TRUE,FALSE,FALSE,FALSE,FALSE,TRUE,FALSE,FALSE,FALSE,FALSE,FALSE,FALSE,FALSE,FALSE,TRUE,FALSE,,,,,,,,,,,,,,
41,Εύκολη πίτσα με αραβική πίτα,Easy Arabic pita pizza,,,"Ελαιόλαδο,5,κσ;
Κρεμύδι,1,τμχ;
Σκόρδο,1,τμχ;
Ντομάτες,2,τμχ;
Ρίγανη αποξηραμένη,1,κσ;
Νερό,4,κσ;
Κρυσταλλική ζάχαρη,1,πρέζα;
Αραβικές πίτες,4,τμχ;
Mix τυριών,200,γρ;
Μπέικον,6,φέτες;
Σαλάμι αέρος,6,φέτες;
Πράσινη πιπεριά,1/2,τμχ;","Olive oil, 5 kg;
Onion, 1, pc;
Garlic, 1, pc;
Tomatoes, 2 pcs.
Dried oregano, 1 tbsp.
Water, 4, ks;
Granulated sugar, 1, pinch;
Arabic pies, 4, pcs;
Mix of cheeses, 200, g;
Bacon,6,slices;
Air salami, 6, slices;
Green pepper, 1/2, pc;","Για τη σάλτσα: Τοποθετούμε ένα τηγάνι σε δυνατή φωτιά, ρίχνουμε το ελαιόλαδο και αφήνουμε να κάψει. Ψιλοκόβουμε σε ένα ξύλο κοπής το κρεμμύδι και το σκόρδο, τα ρίχνουμε στο τηγάνι και σοτάρουμε για 1-2 λεπτά. Αφαιρούμε το κοτσάνι από τις ντομάτες και τις ψιλοκόβουμε με ένα πριονωτό μαχαίρι. Μεταφέρουμε τις ντομάτες στο τηγάνι και συνεχίζουμε το σοτάρισμα. Προσθέτουμε τη ρίγανη, το νερό, το αλάτι, το πιπέρι και τη ζάχαρη. Χαμηλώνουμε τη φωτιά, πιέζουμε με το εργαλείο για τον πουρέ ή με ένα πιρούνι τις ντομάτες για να λιώσουν, και αφήνουμε για 5-6 λεπτά να εξατμιστεί όλη η υγρασία. Αποσύρουμε το τηγάνι από τη φωτιά, μεταφέρουμε τη σάλτσα σε ένα μπολ και αφήνουμε στην άκρη να κρυώσει. Για τη σύνθεση: Προθερμαίνουμε τον φούρνο στους 200°C στον αέρα. Απλώνουμε τις 4 πίτες στον πάγκο εργασίας. Ρίχνουμε στη μια πίτσα 50 γρ. από το mix τυριών και τοποθετούμε από πάνω τη δεύτερη πίτσα. Επαναλαμβάνουμε την ίδια διαδικασία και με τις άλλες 2 πίτες. Φτιάχνουμε συνολικά 2 πίτσες. Τοποθετούμε σε ένα ταψί ένα φύλλο λαδόκολλας. Μεταφέρουμε τις πίτσες στο ταψί, βάζουμε στην κάθε πίτσα από 1 κ.σ. γεμάτη από τη σάλτσα που ετοιμάσαμε και την απλώνουμε με το κουτάλι. Πασπαλίζουμε την κάθε πίτσα με 50 γρ. από το mix τυριών και τοποθετούμε από 3 φέτες μπέικον και 3 φέτες σαλάμι αέρος. Κόβουμε σε ένα ξύλο κοπής την πιπεριά σε ροδέλες και την προσθέτουμε στην πίτσα. Μεταφέρουμε το ταψί στον φούρνο και ψήνουμε για 10-12 λεπτά στην πάνω σχάρα. Αφαιρούμε το ταψί από τον φούρνο, κόβουμε σε κομμάτια και σερβίρουμε.","For the sauce: Place a pan on a high heat, add the olive oil and let it burn. Finely chop the onion and garlic on a cutting board, add them to the pan and saute for 1-2 minutes. Remove the stem from the tomatoes and chop them finely with a serrated knife. Transfer the tomatoes to the pan and continue sauteing. Add the oregano, water, salt, pepper and sugar. Lower the heat, press the tomatoes with the puree tool or a fork to melt, and leave for 5-6 minutes to evaporate all the moisture. Remove the pan from the heat, transfer the sauce to a bowl and set aside to cool. For the composition: Preheat the oven to 200°C in the air. Spread the 4 pies on the workbench. Put 50 g on a pizza. from the cheese mix and place the second pizza on top. We repeat the same process with the other 2 pies. We make a total of 2 pizzas. Place a sheet of parchment paper on a baking sheet. Transfer the pizzas to the pan, put 1 tbsp. full of the sauce we prepared and spread it with the spoon. Sprinkle each pizza with 50 g. from the cheese mix and place 3 slices of bacon and 3 slices of air salami. Cut the pepper into slices on a cutting board and add it to the pizza. Transfer the pan to the oven and bake for 10-12 minutes on the top rack. Remove the pan from the oven, cut into pieces and serve.",,,375,16,21,29,,TRUE,TRUE,TRUE,TRUE,FALSE,TRUE,FALSE,FALSE,FALSE,TRUE,FALSE,FALSE,FALSE,FALSE,FALSE,FALSE,FALSE,FALSE,FALSE,TRUE,,,,,,,,,,,,,,
